AAL,AAPL,ADBE,ADI,ADP,ADSK,AKAM,ALXN,AMAT,AMGN,AMZN,ATVI,AVGO,BBBY,BIDU,BIIB,CA,CELG,CERN,CMCSA,COST,CSCO,CSX,CTRP,CTSH,DISCA,DISH,DLTR,EA,EBAY,ESRX,EXPE,FAST,FB,FOX,FOXA,GILD,GOOGL,INTC,JD,KHC,LBTYA,LBTYK,LRCX,MAR,MAT,MCHP,MDLZ,MSFT,MU,MXIM,MYL,NCLH,NFLX,NTAP,NVDA,NXPI,PAYX,PCAR,PYPL,QCOM,QVCA,ROST,SBUX,SIRI,STX,SWKS,SYMC,TMUS,TRIP,TSCO,TSLA,TXN,VIAB,VOD,VRTX,WBA,WDC,WFM,XLNX,YHOO,NDX
35.98,96.8,97.8,61.15,95.4,58.18,58.0,127.04,26.68,165.81,742.12,42.3,161.41,44.21,159.89,286.32,34.57,106.05,62.07,67.34,167.6,30.79,28.37,43.52,58.4,25.42,52.44,96.55,76.95,30.6,76.54,117.88,41.99,121.94,27.5,26.86,84.0,756.57,34.77,21.8,88.54,31.1,30.21,91.24,71.11,32.78,54.78,45.69,56.515,14.0,39.2,47.13,41.9,91.0,26.44,56.1984,85.23,60.74,56.17,37.77,60.95,26.74,61.13,58.57899999999999,4.28,31.35,65.36,20.37,44.95,70.05,91.41,227.65,70.73,45.23,31.1701,95.27,81.36499999999998,52.16,33.95,48.61,38.01,4665.054
35.931,96.89,97.8,61.61,95.4115,58.19,58.12,126.06,26.73,165.9101,741.9199999999997,42.44,161.83,44.09,160.13,286.81,34.58,105.545,61.93,67.3,167.82,30.84,28.4625,43.52,58.33,25.41,52.11,96.82,77.07,30.74,76.43999999999998,117.99,41.9,121.745,27.48,26.87,83.97,756.1599999999999,34.92,21.85,88.72,31.225,30.43,91.33,70.85,32.79,54.89,45.73,56.72,14.0,39.37,47.15,41.81,91.16,26.45,56.415,86.17499999999998,60.935,56.85,37.74,60.92,26.72,61.43,58.48,4.27,31.01,65.25,20.41,44.975,70.23,91.05,227.0967,70.69,45.01,31.19,94.17,81.54,52.15,34.1,48.74,38.14,4665.054
35.9044,96.95,97.57,61.98,95.51,58.20333333333333,57.95,126.51,26.712,166.18,739.6,42.46,162.5,43.86,160.0,286.13,34.59,106.5787,61.91666666666666,67.23,167.96,30.88,28.39,43.54,58.34,25.38,52.10666666666667,96.89,77.25,30.8,76.09,118.63,41.735,121.45200000000001,27.41,26.82,84.0,755.62,34.9192,21.77,88.79,31.01,30.17,91.37,70.78,32.83,55.14,45.8,56.7,14.0056,39.38,47.13,41.865,91.36,26.39,56.49,85.68009999999998,61.0,57.5,37.7117,61.03,26.66,61.55,58.51,4.285,31.195,65.41,20.39,44.81,70.0925,91.18,226.63,71.3,45.015,31.21,94.749,81.53,52.27,34.01,48.99,38.15,4665.826
35.89,96.97,97.55,62.09,95.52,58.21666666666666,57.96,126.28,26.74,166.148,739.5499999999997,42.52,162.68,43.8,160.12,286.8,34.61,106.35,61.90333333333334,67.38,167.85,30.89,28.39,43.55,58.54,25.37,52.10333333333333,96.76,76.96,30.86,75.65,118.57,41.71,121.45,27.42,26.87,83.34,756.3599,34.951,21.81,88.64499999999998,30.9,30.1,91.42,70.875,32.86,55.31,45.79,56.69,14.0573,39.42,47.115,41.92,92.28,26.3955,56.5335,85.665,61.008,57.75,37.825,61.13,26.73,61.5,58.47,4.28,31.14,65.24,20.37,44.69,69.955,91.28,227.53,71.31,45.02,31.21,94.31,81.71,52.3,33.96,48.95,38.195,4667.081
36.008,96.96,97.73,61.89,95.53,58.23,58.21,126.585,26.72,165.99,738.72,42.61,162.75,43.92,160.86,286.42,34.62,106.0,61.89,67.3,168.44,30.875,28.39,43.63,58.56,25.32,52.1,96.76,77.03,30.89,76.5,118.42,41.82,121.38,27.4,26.83,82.48,755.6699999999997,34.95,21.8593,88.75,30.91,30.12,91.45,71.1299,32.86,55.28,45.765,56.69,14.0701,39.54,47.01,41.92,91.86,26.401,56.52,85.87,61.11,57.165,37.7972,61.16,26.68,61.42,58.49,4.215,31.05,65.33,20.36,44.61,69.7401,91.16,227.125,71.06,45.05,31.18,94.155,81.72,52.3,34.17,48.89,38.32,4664.491
36.1,97.045,97.88,62.09,95.75,58.225,58.22,126.04,26.735,166.29,738.5,42.6,162.9,43.97,161.25,286.67,34.64,105.79,61.895,67.29,168.46,30.9766,28.41,43.675,58.7,25.33,52.115,96.83,77.03,30.89,76.76999999999998,118.84,41.85,121.345,27.43,26.85,82.43999999999998,755.31,34.98,21.82,88.74049999999998,30.96,30.16,91.61,70.91,32.9,55.31,45.75,56.705,14.08,39.55,47.068999999999996,41.98,91.68,26.41,56.57,86.26999999999998,61.07,57.07,37.87,61.445,26.65,61.47,58.4,4.205,31.2,65.24,20.38,44.44,69.90000000000002,91.305,227.25900000000001,71.0175,45.03,31.19,94.2,81.62,52.41,34.165,48.87,38.44,4666.484
36.0922,97.095,97.93,62.07,95.75,58.22,58.35,126.4,26.7,165.93,738.49,42.46,163.08,44.1,161.01,286.411,34.64,105.92,61.9,67.34,168.43,30.96,28.38,43.8,58.66,25.38,52.13,97.03,76.98999999999998,30.975,76.5,118.67,41.8499,121.38,27.45,26.8562,82.15999999999998,753.98,34.99,21.88,88.545,31.05,30.21,91.62,70.99,32.9,55.39,45.71,56.78,14.067,39.5,46.94,42.09,91.9016,26.38,56.51,86.18799999999996,61.11,56.96,37.93,61.24,26.67,61.43,58.37,4.21,31.2615,65.28,20.36,44.45,69.82,91.58,227.25,70.785,45.05,31.21,94.18,81.65999999999998,52.38,34.16,48.91,38.5,4666.026
36.05,97.145,97.94,62.04,95.73,58.25,58.34,126.41,26.715,166.315,739.68,42.52,163.08,44.06,161.19999999999996,287.5,34.65,106.43,61.86,67.41,168.47099999999998,30.98,28.4,43.879,58.69,25.38,52.24,97.0055,77.04,31.07,76.585,118.86000000000004,41.97,121.61000000000004,27.48,26.9,82.40999999999998,755.712,35.0,21.92,88.62999999999998,31.12,30.32,91.20100000000001,71.22,32.93,55.42,45.7,56.78,14.0565,39.47,47.005,42.06,92.565,26.44,56.5,86.14,61.08,56.63,37.98,61.23,26.7,61.5,58.29,4.255,31.265,65.29,20.35,44.5,70.15000000000002,91.66,227.08,70.81,45.14,31.21,94.38,81.54999999999998,52.46,34.21,48.9488,38.48,4669.1759999999995
36.05,97.23,98.0,61.99,95.69,58.25,58.37,126.96,26.7,166.169,739.2973,42.51,163.29,44.06,161.28,287.448,34.6,106.43,61.93,67.43,168.55,30.9664,28.43,43.84,58.71,25.4,52.315,96.9975,77.11,31.12,76.34749999999998,118.65,41.97,121.75,27.47,26.885,82.54,755.57,34.96,21.9596,88.62,31.15,30.305,91.05,71.2,32.92,55.35,45.701,56.835,14.07,39.38,47.15,42.09,92.825,26.45,56.57,85.81,61.1,56.81,38.04,61.1,26.71,61.51,58.365,4.25,31.26,65.25,20.35,44.49,70.25,91.64,227.125,70.47,45.16,31.22,94.62,81.51,52.43,34.2,48.92,38.475,4670.209
36.12,97.3,98.015,61.77,95.79,58.295,58.3677,126.74,26.64,166.25,739.125,42.47,162.845,44.02,161.505,287.7866,34.6,106.44,61.93,67.44,168.44,30.98,28.43,43.8,58.72,25.38,52.355,96.92,77.15999999999998,31.14,76.43,118.48,41.95,121.77,27.48,26.91,82.5049,755.615,34.88,21.97,88.545,31.08,30.29,90.77,71.18,32.94,55.15,45.71,56.93,14.03,39.33,47.47,41.99,92.74600000000001,26.48,56.44,85.84,61.085,56.36,38.065,61.06,26.67,61.55,58.5,4.255,31.27,65.1,20.36,44.51,70.11,91.61,227.0334,70.05,45.13,31.24,94.67,81.4801,52.5,34.23,48.82,38.505,4671.427
36.14,97.24,97.98500000000004,61.81,95.84,58.34,58.24,126.645,26.63,166.25,739.38,42.43,162.69999999999996,44.07,162.19,288.14,34.61,106.23,61.91,67.39,168.405,30.985,28.395,43.87,58.68,25.38,52.43,97.06,77.03,31.11,76.96,118.28,41.99,121.86000000000004,27.45,26.87,82.455,756.23,34.89,22.05,88.47,31.1375,30.31,90.6,71.22,32.92,55.03,45.69,56.92,14.02,39.26,47.51,42.0,92.68,26.46,56.41,85.62,61.12,56.53,38.14,61.04,26.67,61.63,58.46,4.24,31.305,65.09,20.34,44.74,70.17,91.675,226.9164,69.9892,45.09,31.25,94.74,81.47,52.53,34.23,48.77,38.505,4671.472
36.21,97.3699,97.9792,61.84,95.83,58.385,58.3,126.67,26.63,166.555,739.7999999999997,42.38,162.76,44.12,162.385,287.322,34.65,106.51,61.96,67.355,168.34,31.0,28.44,43.92,58.66,25.45,52.49,97.11000000000004,77.29,31.1633,76.96,118.59,42.0,121.7399,27.5,26.915,82.56,756.52,34.8484,22.06,88.53,31.26,30.44,90.77,71.34,32.94,55.16,45.7,56.8999,14.0893,39.3,47.53,42.0,92.62,26.49,56.44,85.995,61.08,57.04,38.1801,61.09,26.7,61.62,58.59,4.26,31.4,65.1,20.35,44.74,70.47,91.78,227.47,70.17,45.16,31.29,95.03,81.48,52.6,34.215,48.78,38.58,4674.5059999999985
36.08,97.35,97.98,61.85,95.81,58.38,58.29,126.35,26.65,166.49,739.5822,42.23,162.5407,44.11,162.235,287.346,34.61,106.42,61.96,67.34,168.51,31.0,28.43,43.95,58.66,25.44,52.53,97.15,77.11,31.17,76.685,118.27,41.96,121.55,27.4726,26.9,82.72,756.38,34.86,22.01,88.56,31.21,30.4,90.65,71.26000000000002,32.94,55.18,45.71,56.895,14.1,39.23,47.42,41.93,92.02,26.48,56.45,86.2,61.1,56.97,38.1,61.14,26.6901,61.5607,58.51,4.255,31.4105,65.07,20.365,44.7,70.37,91.785,227.3608,70.18,45.09,31.27,94.91,81.5,52.59,34.22,48.71,38.52,4672.5459999999985
36.1,97.27,97.96,61.93,95.81,58.36,58.36,126.29,26.67,166.8595,739.459,42.14,162.425,44.1,162.14,287.465,34.59,106.62,61.88,67.33,168.40599999999995,31.01,28.44,43.93,58.61,25.43,52.61,97.24,76.95,31.185,76.9,118.37,41.93,121.66,27.51,26.925,83.0,755.81,34.85,22.0,88.53,31.21,30.38,90.66,71.31,32.97,55.19,45.67,56.84,14.1201,39.23,47.41,41.94,91.765,26.48,56.39,86.45,61.06,57.02,38.135,61.2192,26.69,61.51,58.49,4.27,31.5099,65.14,20.37,44.73,70.44,91.75,227.24,70.32,45.11,31.2601,95.1,81.51,52.67,34.23,48.83,38.54,4672.679
36.16,97.32,97.8807,62.06,95.89,58.455,58.34,126.225,26.67,166.87,739.1,42.09,162.69999999999996,44.13,162.3,287.73,34.59,106.7796,61.9436,67.325,168.46,30.9982,28.42,43.94,58.64,25.46,52.73,97.385,76.84999999999998,31.1311,77.26999999999998,118.3895,41.96,121.65,27.51,26.935,82.75,756.5399999999997,34.9,22.05,88.54899999999998,31.22,30.4,90.67,71.285,32.99,55.235,45.59,56.84,14.170000000000005,39.26,47.48,42.0,92.26,26.49,56.44,86.4,61.11,57.05,38.12,61.22,26.7,61.5,58.48,4.29,31.509,65.14,20.35,44.75,70.34,91.79,228.005,70.445,45.12,31.25,95.04,81.48,52.8,34.19,48.93,38.56,4673.773
36.16,97.46,98.02,62.06,95.85,58.53,58.415,126.53,26.71,166.83,738.97,42.1,162.82,44.17,162.35,287.97,34.61,107.17,61.9259,67.335,168.4,31.025,28.41,43.95,58.68,25.485,52.64,97.415,77.04,31.18,77.29,118.4,42.05,121.765,27.54,26.95,82.37,756.6699999999997,34.935,22.09,88.5216,31.23,30.42,90.76,71.3,32.99,55.38,45.58,56.825,14.24,39.31,47.49,41.99,92.26,26.53,56.56,86.47,61.13,57.22,38.135,61.24,26.71,61.44,58.5,4.295,31.52,65.25,20.36,44.87,70.4901,91.83,228.59900000000002,70.56,45.19,31.26,95.025,81.53,52.87,34.21,48.99,38.59,4676.43
36.0734,97.4,98.1075,62.07,95.91010000000004,58.56,58.33,126.74,26.71,166.92,739.5,42.16,163.29,44.1575,162.36,287.7054,34.58,106.95,61.91,67.32,168.52,31.0236,28.445,43.925,58.65,25.51,52.7,97.38,76.98999999999998,31.17,77.26999999999998,118.4818,42.09,121.6901,27.52,26.935,82.35799999999998,756.4568,34.93,22.1,88.51999999999998,31.3,30.505,90.6,71.34,33.04,55.415,45.6,56.79,14.215,39.31,47.4,42.06,92.43,26.51,56.581,86.39499999999998,61.19,57.06,38.23,61.29,26.7,61.52,58.5011,4.295,31.54,65.40000000000002,20.36,44.86,70.57,91.85,228.29,70.61,45.21,31.24,95.19,81.58,52.94,34.32,48.96,38.615,4677.167
36.04,97.49,98.24,62.13,95.98,58.6,58.32,126.5,26.69,167.0,739.0,42.1689,163.3,44.2175,162.61,287.7,34.58,106.82,61.96,67.32,168.4,31.04,28.47,43.94,58.66,25.485,52.7,97.33,76.96,31.12,77.46,118.55,42.12,121.5775,27.52,26.94,82.12,757.1,34.95,22.12,88.47,31.32,30.5,90.61,71.29,33.04,55.5,45.58,56.87,14.22,39.31,47.4,42.0,92.5,26.5,56.56,86.18999999999998,61.22,56.54,38.24,61.3,26.705,61.57,58.62,4.295,31.6,65.36,20.355,44.86,70.69,91.86,228.4298,70.65000000000002,45.2,31.2699,95.2,81.58,52.97,34.25,49.01,38.635,4677.582
36.07,97.49,98.34,62.05,95.95,58.665,58.23,126.51,26.68,167.16,738.6499999999999,42.16,163.0,44.24,162.74,287.95,34.59,106.83,61.9,67.32,168.44999999999996,31.045,28.5,43.95,58.7,25.49,52.75,97.31,76.95,31.0901,77.62,118.53,42.13,121.61000000000004,27.55,26.97,82.12,756.4049999999999,34.95,22.14,88.48,31.35,30.54,90.7276,71.25,33.05,55.51,45.53,56.89,14.23,39.3,47.36,42.08,92.37,26.5,56.475,86.32,61.21,56.51,38.24,61.33,26.705,61.58,58.65,4.305,31.58,65.332,20.34,44.89,70.66,91.87,227.67,70.62,45.19,31.26,95.16,81.585,52.88,34.2302,49.01,38.64,4677.685
36.06,97.5,98.29,62.09,95.96,58.75,58.17,126.93,26.69,167.51,739.2235,42.17,163.0,44.26,163.26,288.19,34.6,107.0,62.01,67.34,168.57,31.055,28.535,43.94,58.73,25.53,52.86,97.34,76.955,31.195,77.835,118.58,42.19,121.6318,27.6,27.015,82.3452,756.882,34.975,22.185,88.48999999999998,31.37,30.57,90.69,71.25,33.08,55.55,45.525,56.8508,14.285,39.29,47.42,42.09,92.59,26.5,56.53,86.43,61.22,56.54,38.24,61.3934,26.73,61.5875,58.7,4.3,31.585,65.22,20.36,44.97,70.6101,91.98,227.74,70.65000000000002,45.23,31.259,95.28,81.68,52.95,34.23,49.04,38.605,4680.184
36.05,97.6,98.37,62.07,95.98,58.8,58.17,127.12,26.68,167.89,739.01,42.14,162.935,44.26,162.97,288.39,34.61,107.2,62.11,67.34,168.62,31.02,28.55,43.945,58.74,25.52,52.945,97.45,76.97,31.215,77.82,118.51,42.23,121.68,27.59,27.02,82.43999999999998,756.9049999999999,34.97,22.19,88.48,31.38,30.6,90.52,71.14,33.05,55.515,45.51,56.9,14.27,39.3,47.43,42.02,92.51,26.51,56.51,86.42749999999998,61.26,56.45,38.195,61.39100000000001,26.74,61.66,58.76,4.305,31.6125,65.225,20.365,44.99,70.6001,91.95,227.99,70.56,45.2,31.26,95.345,81.67,53.04,34.24,49.04,38.65,4681.667
36.09,97.7,98.39,62.1199,95.98,58.75,58.16,127.12,26.71,167.815,739.33,42.17,163.09,44.33,162.8332,288.06,34.63,107.28,62.1352,67.35,168.72,31.02,28.52,43.95,58.76,25.54,52.83,97.41,76.93999999999998,31.2,77.86,118.63,42.19,121.68,27.56,26.98,82.23999999999998,757.625,34.985,22.24,88.54,31.33,30.55,90.47,71.19,33.03,55.55,45.505,56.96,14.28,39.3,47.37,41.99,92.5999,26.51,56.5,86.5,61.25,56.53,38.1464,61.39,26.75,61.63,58.8,4.3099,31.6314,65.17,20.385,45.0,70.6397,91.87,228.0,70.4904,45.288999999999994,31.225,95.155,81.71,53.0,34.3,49.04,38.65,4682.866
36.03,97.74,98.31,62.16,95.97,58.79,58.17,126.76,26.71,167.8866,739.5416,42.17,163.17,44.33,162.69,287.955,34.62,107.535,62.12,67.33,168.72999999999996,31.0,28.49,43.91,58.7,25.53,52.81,97.32,77.0,31.19,78.01,118.65,42.19,121.76,27.54,26.96,82.09,758.2899999999997,35.0048,22.2493,88.57,31.33,30.55,90.49,71.14,32.9801,55.58,45.5,56.98,14.28,39.335,47.4,42.03,92.78,26.51,56.508,86.59999999999998,61.21,56.59,38.09,61.44,26.76,61.62,58.71,4.31,31.635,65.25,20.3742,45.04,70.67,91.72,226.6,70.5,45.28,31.2317,95.005,81.71,53.0851,34.29,49.07,38.66,4683.738
35.95,97.85,98.31,62.11,95.98,58.8,58.14,126.96,26.71,167.9052,739.68,42.15,163.18,44.35,162.75,287.895,34.64,107.61,62.144,67.33,168.77,31.05,28.48,43.87,58.7,25.53,52.75,97.32,77.01999999999998,31.21,78.0,118.42,42.17,121.78,27.52,26.93,82.015,758.11,35.01,22.27,88.54,31.31,30.53,90.535,71.24,32.975,55.6,45.45,56.99,14.2707,39.3,47.365,42.03,92.7,26.515,56.5,86.67,61.23,56.53,38.11,61.49,26.79,61.5766,58.66,4.295,31.5964,65.18,20.375,45.07,70.62,91.66,225.6817,70.46,45.23,31.24,95.07,81.7,53.05,34.26,49.05,38.69,4683.699000000001
35.96,97.925,98.32,62.06,95.97,58.76,58.08,127.08,26.7,167.91,739.7425,42.14,163.18,44.41,162.77619999999996,288.06,34.67,107.7,62.1056,67.32,168.81,31.07,28.49,43.875,58.71,25.53,52.79,97.3,76.96,31.22,78.08,118.4408,42.24,121.71,27.55,26.955,81.955,757.63,34.98,22.33,88.57,31.33,30.55,90.49,71.28,32.97,55.6,45.5,56.99,14.27,39.29,47.37,42.02,92.3786,26.52,56.5,86.65999999999998,61.21,56.62,38.1,61.41,26.77,61.59,58.7,4.295,31.6,65.1,20.37,45.05,70.579,91.7,226.445,70.39,45.24,31.23,95.17,81.73,53.03,34.26,49.01,38.69,4683.779
36.02,97.94,98.21,62.04,95.94,58.78,58.14,127.09,26.69,167.9,739.6599999999999,42.1,162.94,44.39,162.9,288.5,34.67,107.81,62.15,67.3,168.71,31.0736,28.49,43.9101,58.7,25.53,52.81,97.26,76.87999999999998,31.225,77.98999999999998,118.62,42.23,121.74,27.51,26.91,81.97,758.1,34.945,22.31,88.575,31.31,30.54,90.4,71.26000000000002,32.95,55.535,45.49,56.9925,14.29,39.27,47.36,42.04,92.56,26.54,56.4801,86.6201,61.1925,56.75,38.09,61.395,26.78,61.59,58.67,4.3,31.62,65.01000000000002,20.37,45.06,70.63,91.69,226.43,70.235,45.28,31.22,95.16,81.72,53.07,34.2592,48.98,38.695,4683.602
35.99,97.928,98.13,62.05,95.85,58.7,58.14,127.01,26.66,167.94,739.25,42.12,162.72999999999996,44.38,162.59,288.905,34.66,107.91,62.09,67.27,168.671,31.0643,28.46,43.945,58.68,25.52,52.76,97.27,76.87,31.195,78.0,118.6,42.17,121.7336,27.52,26.92,81.75929999999998,757.99,34.95,22.28,88.57,31.28,30.52,90.45,71.24,32.94,55.51,45.475,56.99,14.3,39.285,47.32,42.0,92.49100000000004,26.555,56.485,86.6252,61.13,56.72,38.08,61.41,26.785,61.61,58.6101,4.295,31.59,64.9206,20.37,45.05,70.7,91.76,226.33,70.165,45.26,31.2035,95.265,81.76,53.0,34.2,48.96,38.695,4682.995
35.98,97.87,98.19,62.1272,95.77,58.72,58.17,127.13,26.63,167.94999999999996,739.68,42.12,162.72,44.405,162.68,288.98,34.64,107.86,62.045,67.27500000000002,168.72,31.0739,28.48,43.92,58.655,25.51,52.7499,97.25,76.90999999999998,31.13,77.97,118.62,42.12,121.73670000000004,27.52,26.92,81.64,758.225,34.985,22.29,88.5576,31.27,30.51,90.53,71.3231,32.9,55.61,45.46,57.02,14.34,39.28,47.335,42.06,92.6101,26.57,56.57,86.59999999999998,61.07,56.74,38.1,61.46,26.7944,61.5825,58.645,4.306,31.62,64.96,20.37,45.03,70.8,91.77,226.51,70.335,45.29,31.2,95.25,81.84999999999998,52.98,34.2,49.03,38.66,4683.739000000001
35.985,97.7486,98.34,62.22,95.78,58.77,58.165,126.89,26.64,167.76,739.9099999999999,42.13,162.94999999999996,44.4,162.875,288.8,34.63,107.64,62.0,67.31,168.78,31.06,28.47,43.92,58.685,25.505,52.67,97.23,76.87,31.155,77.9148,118.62,42.105,121.635,27.515,26.92,81.5349,758.2899999999997,35.01,22.2901,88.58,31.26,30.51,90.58,71.48,32.8612,55.646,45.5,57.06,14.34,39.29,47.3,42.05,92.64,26.56,56.615,86.72,61.0701,56.92,38.1,61.46,26.8,61.61,58.725,4.295,31.61,64.99,20.375,45.0,70.8926,91.7,226.715,70.38,45.29,31.2,95.1,81.90999999999998,52.91,34.14,49.1,38.69,4683.393
35.99,97.73,98.36000000000004,62.25,95.7601,58.78,58.2,126.925,26.665,167.61,739.93,42.16,163.19,44.3823,162.71,288.7,34.64,107.7,62.053000000000004,67.28,168.72,31.06,28.47,43.94,58.73,25.475,52.615,97.25,76.87,31.13,77.9,118.6,42.13,121.58,27.51,26.9,81.58,758.51,35.05,22.3201,88.58,31.27,30.51,90.64,71.545,32.86,55.62,45.56,57.05,14.39,39.2775,47.345,42.05,92.4458,26.57,56.69,86.58,61.095,56.95,38.1,61.49,26.81,61.63,58.7901,4.3001,31.62,65.0,20.39,44.9254,70.91,91.67,226.64,70.4262,45.28,31.18,95.12,81.90999999999998,52.985,34.16,49.085,38.67,4683.903
35.97,97.68,98.34,62.18,95.76,58.76,58.28,126.83,26.66,167.65,740.38,42.145,163.0,44.4,162.75,288.88,34.645,107.84,62.1,67.285,168.64,31.075,28.46,43.93,58.72,25.49,52.575,97.18,76.87,31.155,77.89,118.6,42.13,121.639,27.51,26.92,81.9299,758.215,35.035,22.33,88.57,31.29,30.53,90.615,71.53,32.865,55.63,45.56,57.13,14.36,39.275,47.375,42.06,92.3684,26.585,56.655,86.47,61.075,57.005,38.13,61.32,26.835,61.575,58.82,4.3003,31.66,65.01000000000002,20.39,44.97,70.92,91.59,226.46,70.42,45.32,31.19,95.3325,81.93,52.985,34.21,49.075,38.635,4684.108
35.9862,97.77,98.34100000000001,62.09,95.72,58.76,58.23,126.98700000000001,26.66,167.725,740.805,42.09,162.85,44.49,162.745,289.1343,34.66,107.93,62.06,67.28,168.69,31.09,28.4689,43.94,58.69,25.5,52.62,97.19,76.935,31.19,77.89,118.72,42.13,121.6459,27.49,26.88,81.87,758.6,35.04,22.33,88.54,31.28,30.53,90.68,71.6,32.85,55.49,45.63,57.165,14.365,39.24,47.39,42.05,92.48,26.59,56.61,86.555,61.05,56.99,38.12,61.3,26.845,61.64,58.8211,4.315,31.7,65.02,20.391,44.96,70.93,91.6,226.65,70.37,45.3,31.16,95.32,82.04999999999998,52.9825,34.26,49.1,38.66,4686.049
35.975,97.82,98.28,62.08,95.765,58.79,58.28,126.96,26.665,167.79,741.0299999999999,42.09,162.97,44.54,162.83,289.7,34.65,107.72,62.09,67.24,168.69,31.12,28.51,44.0,58.72,25.52,52.64,97.22,76.9,31.195,77.87999999999998,118.81,42.13,121.63,27.52,26.915,81.9,759.1023,35.04,22.33,88.57,31.25,30.5,90.72,71.65000000000002,32.87,55.55,45.66,57.175,14.38,39.28,47.395,42.07,92.6,26.62,56.55,86.62999999999998,61.07,57.02,38.09,61.37,26.875,61.61,58.82,4.32,31.7525,65.16,20.4,44.96,71.02,91.57,227.0163,70.37,45.38,31.15,95.46,82.1089,53.07,34.37,49.05,38.64,4687.437
35.86,97.76,98.28,62.08,95.7,58.77,58.23,126.8,26.63,167.91,740.8999999999999,42.0998,162.72,44.55,162.89,289.4,34.63,107.66,62.06,67.18,168.63,31.1,28.47,44.005,58.675,25.495,52.61,97.22,76.9,31.16,77.76,118.68,42.1,121.5686,27.49,26.885,81.86,758.61,35.02,22.35,88.58,31.25,30.51,90.58,71.62,32.84,55.5,45.66,57.165,14.38,39.25,47.405,42.06,92.48500000000004,26.61,56.53,86.745,61.03,56.9,38.06,61.36,26.86,61.56,58.75,4.315,31.785,65.0,20.39,44.95,71.02,91.55,226.56,70.28,45.3,31.16,95.43,82.15999999999998,53.159,34.4,49.02,38.61,4685.38
35.92,97.7759,98.32,62.08,95.74,58.81,58.1823,126.81,26.64,167.83,740.7749999999999,42.0646,162.52,44.6,162.71,289.5575,34.65,107.58,62.09,67.22,168.72,31.11,28.48,44.01,58.68,25.505,52.63,97.25,76.90139999999998,31.16,77.89,118.73,42.14,121.53,27.52,26.91,81.8635,758.75,35.025,22.3242,88.59999999999998,31.3,30.55,90.6,71.62,32.87,55.54,45.67,57.21,14.385,39.25,47.455,42.05,92.47,26.6142,56.42,86.87,61.06,56.96,38.06,61.4,26.865,61.56,58.77,4.315,31.8393,64.96,20.385,44.93,71.05,91.6086,226.48,70.255,45.35,31.16,95.41,82.22,53.15,34.48,49.02,38.6,4686.096
35.86,97.745,98.321,62.1,95.77,58.82,58.24,126.23,26.63,167.84,740.68,42.03,162.525,44.64,162.81,289.28,34.65,107.47,62.09,67.27,168.65,31.115,28.47,43.9592,58.67,25.51,52.65,97.23,76.89,31.15,77.9,118.59,42.14,121.55,27.53,26.925,81.82,758.74,35.04,22.3,88.62,31.32,30.5592,90.545,71.62,32.85,55.56,45.69,57.25,14.41,39.241,47.41,42.01,92.32,26.6,56.42,86.64,61.08,56.89,38.02,61.39,26.865,61.55,58.75,4.315,31.82,65.0,20.38,44.91,71.04,91.59,226.15,70.29,45.37,31.17,95.16,82.22,53.08,34.36,49.02,38.59,4685.486
35.889,97.73,98.34,62.13,95.76,58.84,58.24,126.4275,26.6441,167.76,740.446,42.02,162.58,44.63,162.925,289.51,34.655,107.5,62.07,67.3,168.59,31.12,28.47,44.0,58.66,25.51,52.625,97.12,76.875,31.14,77.86,118.44,42.15,121.435,27.52,26.91,81.605,758.71,35.04,22.27,88.67,31.31,30.54,90.6,71.6,32.86,55.6,45.69,57.245,14.41,39.24,47.41,42.0,92.305,26.65,56.495,86.68099999999998,61.075,56.86,38.01,61.4,26.8625,61.55,58.69,4.325,31.87,64.99,20.37,44.88,70.95,91.575,226.04,70.38,45.3794,31.17,95.09,82.11,53.1,34.33,49.05,38.57,4684.798
35.93,97.7,98.28,62.1,95.77,58.8,58.21,126.46,26.64,167.91,740.22,42.0,162.51,44.63,162.97999999999996,289.71,34.66,107.77,62.11,67.26000000000002,168.555,31.12,28.47,44.0,58.67,25.52,52.6075,97.19,76.87,31.12,77.84999999999998,118.43,42.12,121.3637,27.51,26.9,81.68999999999998,758.7305,35.015,22.27,88.65999999999998,31.29,30.52,90.53,71.53,32.85,55.59,45.705,57.23,14.4071,39.23,47.405,42.02,92.1,26.61,56.51,86.65999999999998,61.07,56.89,38.055,61.39,26.86,61.52,58.68,4.3211,31.9,64.97,20.38,44.91,70.905,91.61,225.88,70.31,45.38,31.17,95.19,82.17,53.11,34.295,49.02,38.575,4684.485
35.96,97.6699,98.25,62.09,95.73,58.79,58.215,126.45,26.655,167.74,739.37,41.96,162.61,44.64,162.93,289.1,34.63,107.7858,62.09,67.27,168.59,31.11,28.46,43.96,58.71,25.53,52.62,97.24,76.87999999999998,31.1,77.95,118.38,42.13,121.35400000000004,27.505,26.9,81.66899999999998,758.71,35.015,22.26,88.68999999999998,31.31,30.52,90.59,71.5,32.84,55.615,45.705,57.239,14.375,39.225,47.41,42.02,91.839,26.58,56.55,86.51999999999998,61.07,56.89,38.03,61.4,26.865,61.555,58.64,4.32,31.86,64.95,20.355,44.91,70.90000000000002,91.5797,226.0,70.36,45.355,31.14,95.13,82.25,53.16,34.26,49.02,38.57,4683.397
35.97,97.536,98.2,62.07,95.68,58.74,58.21,126.35,26.64,167.74,738.6,41.91,162.47,44.62,162.985,289.15,34.62,107.67,62.07,67.23,168.56,31.08,28.44,43.9,58.705,25.51,52.55,97.21,76.84999999999998,31.12,77.96,118.34,42.14,121.4057,27.47,26.88,81.59999999999998,758.39,35.005,22.2125,88.67,31.31,30.51,90.545,71.45,32.83,55.565,45.663000000000004,57.19,14.355,39.2,47.39,42.0,91.645,26.58,56.5167,86.37999999999998,61.05,56.87,37.99,61.33,26.84,61.58,58.6,4.315,31.8,64.89,20.345,44.86,70.82250000000002,91.545,226.0,70.35,45.3,31.13,95.03,82.26,53.12,34.32,49.01,38.565,4680.853
35.9,97.52,98.19,62.02,95.72,58.72,58.18,126.315,26.63,167.75,738.8325,41.93,162.18,44.6,163.01,288.83,34.63,107.49,62.065,67.29,168.58,31.08,28.44,43.9,58.74,25.51,52.6,97.21,76.84999999999998,31.13,77.965,118.34,42.14,121.54,27.48,26.89,81.6401,758.6699999999997,35.02,22.25,88.76999999999998,31.31,30.53,90.46,71.44,32.84,55.51,45.69,57.228,14.35,39.195,47.33,42.02,91.55,26.56,56.525,86.37,61.07,56.86,38.0,61.295,26.85,61.63,58.61,4.305,31.8,64.781,20.345,44.93,70.85,91.56,226.0799,70.31,45.29,31.135,95.08,82.32,53.04,34.305,49.0,38.59,4681.35
35.85,97.52,98.17,62.03,95.71,58.73,58.2,126.49,26.625,167.8101,739.0399999999997,41.915,162.1,44.56,163.2645,288.8725,34.63,107.49,62.07,67.3356,168.55,31.125,28.43,43.9499,58.73,25.54,52.63,97.22,76.86,31.145,77.86499999999998,118.42,42.13,121.52010000000004,27.49,26.88,81.5142,758.7999999999997,35.01,22.24,88.7,31.32,30.53,90.47,71.44,32.815,55.51,45.67,57.25,14.39,39.18,47.32,42.02,91.58,26.55,56.54,86.17,61.07,56.89,37.99,61.33,26.85,61.64,58.63,4.317,31.86,64.83,20.345,44.91,70.916,91.61,226.18,70.3999,45.29,31.125,95.09,82.26999999999998,53.13,34.29,48.99,38.575,4682.194
35.83,97.514,98.165,62.01,95.69,58.73,58.14,126.39,26.62,167.69,738.34,41.865,162.015,44.56,163.4,288.27,34.63,107.329,62.04,67.33,168.51,31.125,28.43,43.935,58.74,25.55,52.56,97.17,76.835,31.145,77.95,118.29,42.14,121.58,27.49,26.88,81.37999999999998,758.805,35.015,22.24,88.75,31.335,30.54,90.46,71.46,32.81,55.51,45.665,57.27,14.35,39.175,47.3,42.02,91.6378,26.54,56.5374,86.069,61.0433,56.86,37.99,61.31,26.84,61.67,58.61,4.32,31.82,64.79,20.345,44.86,70.82,91.59,226.175,70.445,45.28,31.1199,95.06,82.28,53.11,34.255,48.95,38.585,4681.44
35.8,97.4843,98.15,62.02,95.73,58.72,58.1,126.295,26.61,167.65,737.5499999999997,41.795,161.93,44.59,163.33,288.18,34.6,107.18,62.05,67.32,168.44,31.12,28.37,43.94,58.73,25.59,52.55,97.19,76.73,31.13,77.89,118.19,42.1,121.51,27.49,26.875,81.337,758.7799999999999,34.986,22.2562,88.71,31.27,30.51,90.43,71.44,32.785,55.5199,45.65,57.265,14.31,39.1645,47.23,42.01,91.53399999999999,26.51,56.53,86.16859999999998,61.04,56.69,37.98,61.31,26.83,61.68,58.6101,4.31,31.82,64.65000000000002,20.34,44.89,70.7325,91.5525,226.24,70.45,45.26,31.1,94.94,82.34,53.055,34.23,48.93,38.584,4679.558
35.78,97.5137,98.13,62.02,95.75,58.69,58.03,126.33,26.61,167.76,738.31,41.79,162.04,44.51,163.445,288.22,34.61,107.3008,62.045,67.34,168.44999999999996,31.115,28.395,43.91,58.76,25.65,52.54,97.18,76.65,31.145,77.96,118.14,42.11,121.59,27.49,26.875,81.34999999999998,758.63,34.97,22.26,88.68999999999998,31.27,30.51,90.5,71.405,32.8,55.51,45.64,57.28,14.305,39.18,47.26,42.0,91.64,26.515,56.57,86.47,61.04,56.63,37.98,61.33,26.845,61.66,58.62,4.316,31.87,64.65000000000002,20.345,44.92,70.725,91.525,226.0952,70.455,45.27,31.12,94.96,82.28,53.09,34.25,48.93,38.585,4680.778
35.77,97.62,98.14,62.01,95.78,58.66,58.06,126.405,26.61,167.735,738.62,41.76,162.1,44.49,163.36,288.22,34.6,107.145,62.01,67.33,168.47,31.095,28.41,43.86,58.775,25.66,52.57,97.15,76.59,31.155,77.942,118.14,42.095,121.65,27.49,26.875,81.4178,758.7710000000003,34.97,22.3089,88.68999999999998,31.27,30.52,90.52,71.40000000000002,32.81,55.51,45.659,57.24,14.3057,39.16,47.265,41.99,91.6489,26.52,56.55,86.45,61.065,56.82,37.99,61.28,26.87,61.68,58.62,4.315,31.885,64.6,20.345,44.94,70.75,91.56,226.15,70.44,45.29,31.1,95.01,82.29999999999998,53.09,34.32,48.93,38.59,4681.443
35.85,97.63,98.131,62.02,95.7,58.69,58.12,126.71,26.605,167.81,738.19,41.785,162.29,44.54,163.3,288.54,34.585,107.255,62.0,67.3,168.44999999999996,31.06,28.401,43.9,58.75,25.64,52.568999999999996,97.19,76.56,31.16,77.95,118.0,42.05,121.58,27.5,26.88,81.5419,758.57,34.97,22.34,88.66899999999998,31.28,30.54,90.45,71.38,32.785,55.51,45.655,57.19,14.275,39.155,47.33,42.0301,91.62,26.5,56.555,86.4,61.02,56.79,37.985,61.26,26.87,61.701,58.63,4.319,31.83,64.71,20.34,44.95,70.74,91.615,226.09400000000002,70.465,45.28,31.085,95.2,82.26299999999998,53.07,34.34,48.95,38.58,4681.222
35.86,97.64399999999999,98.15,62.01,95.71,58.7,58.11,126.825,26.61,167.875,737.6599999999999,41.72,162.36,44.53,163.3,288.66,34.59,107.235,62.04,67.27,168.42,31.05,28.41,43.88,58.785,25.645,52.61,97.15,76.47,31.16,77.95,118.0366,42.06,121.52,27.51,26.91,81.667,758.4049999999999,34.97,22.345,88.6268,31.315,30.56,90.49,71.345,32.815,55.51,45.655,57.15,14.265,39.16,47.365,42.00899999999999,91.78,26.51,56.565,86.4,61.04,56.88,38.0,61.29,26.865,61.68,58.595,4.325,31.83,64.79,20.365,44.95,70.71,91.63,226.06,70.515,45.29,31.0705,95.26,82.12999999999998,53.11,34.345,48.96,38.58,4680.726
35.8299,97.6201,98.03,62.07,95.635,58.7238,58.12,126.68,26.63,167.93,738.48,41.681000000000004,162.41,44.6,163.12,288.82,34.565,107.41,62.0215,67.24,168.305,31.0894,28.435,43.92,58.79,25.65,52.65,97.03,76.46,31.16,77.89,118.13,42.09,121.57,27.515,26.9,81.61,758.25,34.985,22.34,88.59999999999998,31.36,30.57,90.514,71.44,32.815,55.56,45.655,57.04,14.265,39.16,47.386,42.02,91.88,26.51,56.6,86.4,60.985,56.9,38.0,61.295,26.875,61.7,58.575,4.32,31.835,64.91,20.36,44.9601,70.76000000000002,91.6,226.07,70.71,45.28,31.08,95.28,82.14,53.2,34.355,48.97,38.59,4680.313
35.82,97.68,98.04,62.08,95.66,58.74,58.22,126.8,26.615,167.99,738.18,41.72,162.44999999999996,44.61,163.10499999999996,289.16,34.5565,107.39,62.05,67.24,168.32,31.115,28.41,43.86,58.83,25.645,52.638999999999996,96.97,76.48,31.17,77.81,118.2,42.08,121.6429,27.52,26.89,81.62,758.5299999999999,35.01,22.39,88.59,31.335,30.55,90.54,71.509,32.82,55.55,45.65,57.12,14.265,39.165,47.4,42.07,91.8661,26.53,56.64,86.40999999999998,61.0,56.96,38.01,61.345,26.88,61.706,58.56,4.325,31.84,64.97,20.37,45.02,70.79,91.6,226.05,70.7,45.3,31.08,95.38,82.15,53.3,34.39,48.99,38.6,4681.99
35.83,97.6058,97.98,62.06,95.62,58.6676,58.19,126.79,26.595,167.8,737.9199999999997,41.69,162.455,44.63,163.06,289.02,34.56,107.39,62.06,67.255,168.43,31.095,28.3954,43.855,58.835,25.635,52.63,97.04,76.47,31.15,77.87,118.24,42.09,121.57600000000001,27.51,26.88,81.59,758.44,35.0,22.395,88.59,31.34,30.56,90.46,71.5,32.815,55.54,45.62600000000001,57.04,14.26,39.155,47.385,42.07,91.78,26.52,56.615,86.36499999999998,60.98,56.89,38.01,61.31,26.88,61.72,58.56399999999999,4.325,31.81,64.86,20.37,45.01,70.72,91.64,225.87,70.6675,45.27,31.06,95.27,82.18,53.27,34.445,48.99,38.621,4680.149
35.85,97.6,98.0,62.09,95.61000000000004,58.69,58.28,126.98,26.615,167.8745,737.7999999999997,41.6462,162.5,44.67,163.1075,289.0475,34.56,107.46,62.09,67.25,168.37,31.105,28.43,43.89,58.84,25.65,52.64,97.04,76.36,31.1875,77.84999999999998,118.39,42.14,121.58,27.505,26.91,81.62,758.5499999999997,35.0,22.43,88.5,31.44,30.66,90.5,71.55,32.83,55.58,45.62,57.01,14.285,39.16,47.41,42.1099,91.85,26.54,56.6192,86.49429999999998,60.985,56.96,38.08,61.35,26.9,61.72,58.56,4.315,31.855999999999998,64.90000000000002,20.38,45.0,70.84,91.64,225.92,70.68,45.35,31.07,95.52,82.09999999999998,53.28,34.42,48.99,38.64,4680.799
35.82,97.60400000000004,97.97,62.07,95.63,58.73,58.25,126.96,26.61,167.945,737.7218,41.555,162.3,44.67,163.045,288.82,34.555,107.5,62.12,67.2,168.3675,31.095,28.43,43.89,58.82,25.655,52.61,97.03380000000004,76.36,31.175,77.82,118.3269,42.13,121.54,27.5,26.9,81.436,758.5,34.98,22.415,88.51,31.44,30.66,90.51,71.566,32.84,55.5899,45.64,56.985,14.285,39.14,47.385,42.09,91.85,26.53,56.61,86.5,60.97,56.85,38.05,61.345,26.905,61.72,58.615,4.315,31.84,64.87,20.35,45.01,70.73,91.615,225.81,70.665,45.33,31.06,95.37,82.07,53.32,34.415,48.99,38.6249,4679.553
35.67,97.7434,97.94,62.08,95.59,58.7,58.2,126.65,26.615,167.64,737.6699999999997,41.55,162.37,44.605,163.115,288.41,34.555,107.23100000000001,62.07,67.24,168.37,31.11,28.425,43.86,58.825,25.66,52.6,97.02,76.37,31.155,77.81799999999998,118.325,42.1,121.6,27.5,26.9,81.2252,758.21,34.995,22.41,88.54999999999998,31.41,30.64,90.51,71.53,32.815,55.62,45.65,56.935,14.225,39.14,47.34,42.08,91.89,26.55,56.62,86.4,60.95,56.74,38.045,61.38,26.9,61.705,58.64,4.315,31.85,64.87,20.35,45.035,70.74,91.54,225.7935,70.665,45.34,31.06,95.25,82.04999999999998,53.3,34.41,49.01,38.62,4679.044
35.85,97.76,97.92,62.08,95.61000000000004,58.74,58.13,126.74,26.625,167.62,738.0399999999997,41.5382,162.59,44.61,163.145,288.7,34.575,107.08,62.1,67.235,168.47,31.1235,28.455,43.83,58.8,25.6625,52.595,96.96,76.47,31.175,77.9486,118.36000000000004,42.09,121.63,27.505,26.9,81.29999999999998,758.5,35.0,22.2425,88.5,31.38,30.64,90.63,71.46,32.79,55.62,45.64,57.01,14.24,39.14,47.37,42.035,91.775,26.56,56.65,86.42,60.965,56.66,38.095,61.38,26.905,61.69,58.67,4.31,31.87,64.93,20.38,45.0,70.8,91.51,225.795,70.62,45.328,31.075,95.18,82.06,53.31,34.39,49.01,38.61,4680.422000000001
35.98,97.82,97.97,62.12,95.68,58.77,58.21,126.8125,26.64,167.66,738.0399999999997,41.566,162.75,44.6175,163.18,288.885,34.6,107.07,62.1,67.22,168.51,31.125,28.485,43.85,58.8632,25.675,52.62,96.98,76.50499999999998,31.17,77.95,118.38,42.12,121.7,27.53,26.93,81.37999999999998,759.14,35.03,22.23,88.4701,31.37,30.62,90.69,71.47,32.81,55.67,45.64,57.08,14.276,39.15,47.44,42.07,91.969,26.57,56.66,86.45,61.0,56.64,38.13,61.35,26.91,61.71,58.725,4.31,31.89,65.06,20.385,44.99,70.73,91.52,225.9407,70.66,45.33,31.07,95.2465,82.09999999999998,53.37,34.48,49.02,38.63,4682.219
36.014,97.84,98.005,62.12,95.67,58.78,58.255,126.84,26.635,167.61,738.1499999999999,41.57,162.87,44.625,162.99,288.92,34.6,107.14,62.1,67.17,168.58,31.1059,28.48,43.85,58.865,25.665,52.62,96.98,76.58,31.145,77.95,118.34,42.1,121.67,27.51,26.9,81.48,758.7825,35.04,22.26,88.47,31.4,30.63,90.78,71.46,32.815,55.68,45.645,57.065,14.295000000000005,39.145,47.47,42.06,91.81,26.57,56.68,86.4,61.01,56.63,38.135,61.325,26.92,61.7,58.71,4.3,31.93,65.13,20.39,45.0,70.76000000000002,91.59,225.92,70.65000000000002,45.31,31.05,95.295,82.04,53.39,34.48,49.02,38.59,4682.474
36.02,97.8,97.95,62.08,95.675,58.81,58.2675,126.81,26.63,167.43,737.96,41.6,162.75,44.64,163.03,288.98,34.59,107.15,62.11,67.115,168.63,31.105,28.49,43.85,58.875,25.705,52.6,96.98,76.54999999999998,31.165,77.95,118.28,42.12,121.675,27.525,26.9,81.55899999999998,758.89,35.02,22.225,88.47,31.425,30.645,90.74,71.42,32.85,55.65,45.645,57.1,14.28,39.12,47.48,42.02,91.89,26.58,56.71,86.39499999999998,61.01,56.67,38.12,61.315,26.94,61.74,58.72,4.3,31.92,65.05,20.385,44.94,70.72,91.64,225.93,70.5,45.34,31.0698,95.28,82.03,53.39,34.505,48.99,38.58,4681.691
36.1,97.8,97.9,62.08,95.67,58.82,58.28,126.965,26.63,167.4373,738.0299999999999,41.595,162.81,44.62,163.05,289.06,34.59,107.17,62.12,67.13,168.625,31.1001,28.48,43.84,58.85,25.73,52.62,96.96,76.57,31.145,77.98999999999998,118.31,42.11,121.66,27.52,26.89,81.54,758.84,35.025,22.25,88.45,31.42,30.64,90.75,71.41,32.85,55.655,45.655,57.09,14.295000000000005,39.115,47.46,42.015,91.83,26.58,56.735,86.39,61.015,56.55,38.13,61.28,26.94,61.71,58.76,4.3,31.93,65.04,20.39,44.93,70.68,91.615,225.92,70.545,45.34,31.06900000000001,95.33,82.01,53.42,34.501,48.98,38.6,4682.03
36.12,97.78,97.86000000000004,62.11,95.675,58.85,58.34,126.7893,26.63,167.382,737.9099999999999,41.585,162.7275,44.63,163.045,289.16,34.58,107.175,62.135,67.13500000000002,168.67,31.105,28.45,43.845,58.87,25.73,52.675,96.98,76.54,31.155,77.9,118.31,42.1,121.63,27.53,26.9,81.56,758.97,35.013000000000005,22.27,88.43999999999998,31.39,30.61,90.76,71.42,32.83,55.69,45.64,57.04,14.29,39.14,47.4544,42.01,91.73100000000001,26.575,56.755,86.4,61.05,56.55,38.16,61.278999999999996,26.93,61.7,58.72,4.3,31.915,65.0,20.4,44.96,70.64,91.6055,225.82,70.605,45.33,31.07,95.32,82.045,53.44,34.5,48.98,38.62,4681.677
36.17,97.79,97.925,62.125,95.7,58.86,58.4,126.88,26.64,167.55,737.9749,41.59,162.69999999999996,44.65,162.91,289.41,34.59,107.17,62.15,67.13,168.68,31.11,28.505,43.85,58.87,25.73,52.73,97.0001,76.51999999999998,31.155,77.95,118.37,42.12,121.64,27.53,26.9,81.7,758.88,35.02,22.3,88.45,31.4,30.61,90.77,71.395,32.845,55.72,45.61,57.07,14.29,39.17,47.46,42.0,91.75,26.6,56.75,86.42,61.06,56.56,38.17,61.275,26.945,61.6949,58.72,4.305,31.945,64.8911,20.42,44.94,70.66,91.63,225.92,70.61,45.33,31.075,95.4,82.03,53.47,34.535,49.02,38.63,4682.076
36.11,97.77,97.97,62.14,95.75,58.9225,58.425,126.9,26.63,167.62,738.3039,41.62,162.66,44.63,162.969,289.6856,34.61,107.19,62.19,67.12,168.71,31.13,28.475,43.845,58.9,25.74,52.72,97.02,76.54999999999998,31.145,77.95,118.34,42.1,121.64,27.5255,26.9,81.76999999999998,758.825,35.0268,22.3,88.48,31.37,30.58,90.785,71.48,32.8599,55.71,45.625,57.0957,14.305,39.2,47.475,42.03,91.75,26.605,56.736000000000004,86.48,61.055,56.59,38.195,61.28,26.945,61.68,58.67,4.3,31.93,64.88,20.415,44.95,70.66,91.635,225.9662,70.6,45.32,31.09,95.455,81.98999999999998,53.49,34.535,49.03,38.63,4683.029
36.0518,97.7,97.87,62.13,95.78,58.9,58.4,126.79,26.63,167.607,738.33,41.55,162.6,44.625,163.06,289.75,34.61,107.14,62.18,67.12,168.66,31.14,28.47,43.85,58.905,25.735,52.68,96.99,76.48,31.14,77.93999999999998,118.31,42.08,121.645,27.52,26.89,81.79999999999998,758.58,35.02,22.2949,88.45,31.345,30.575,90.7,71.49,32.865,55.7,45.62,57.06,14.325,39.2,47.45,42.0,91.83,26.59,56.73,86.46,61.095,56.64,38.175,61.275,26.95,61.65,58.65,4.305,31.955,64.83,20.425,44.98,70.58,91.61,225.92,70.63500000000002,45.29,31.07,95.41,81.90999999999998,53.45,34.525,49.02,38.63,4681.822
36.06,97.615,97.82,62.08,95.75,58.85,58.33,126.73500000000004,26.63,167.55,738.0299999999999,41.555,162.465,44.61,162.99,289.591,34.58,107.06,62.14,67.125,168.71,31.135,28.45,43.8,58.84,25.71,52.66,96.99,76.45,31.17,77.98,118.21,42.085,121.6,27.5,26.88,81.82,758.5489999999999,35.0,22.32,88.445,31.315,30.56,90.65,71.46,32.84,55.7,45.607,57.015,14.315,39.17,47.47,42.02,91.775,26.58,56.739,86.4,61.06,56.56,38.15,61.235,26.91,61.67,58.65,4.305,31.905,64.72,20.41,45.0,70.47,91.6,226.0,70.61,45.24,31.045,95.33,81.92,53.3,34.51,49.0,38.5901,4679.68
36.09,97.569,97.79899999999999,62.05,95.74,58.84,58.25,126.675,26.625,167.39,737.9392,41.575,162.47,44.6,162.93,289.35,34.575,106.97,62.13,67.09,168.72999999999996,31.11,28.46,43.84,58.815,25.71,52.65,96.99,76.45,31.16,77.93,118.17,42.07,121.58,27.49,26.865,81.8567,758.3574999999997,34.96,22.33,88.4,31.32,30.58,90.68,71.45,32.84,55.695,45.61,56.995,14.329,39.16,47.45,42.02,91.821,26.57,56.6964,86.42,61.07,56.56,38.13,61.25,26.91,61.6599,58.6457,4.3,31.87,64.83,20.425,44.97,70.565,91.61,225.99,70.54,45.235,31.02,95.3,81.8703,53.2901,34.4799,48.985,38.61,4678.199000000001
36.11,97.5841,97.82,62.02,95.7,58.85,58.21,126.49,26.615,167.28,738.2,41.59,162.26,44.58,162.89,289.61,34.58,106.955,62.1393,67.105,168.75,31.115,28.49,43.85,58.8,25.7125,52.6625,97.04,76.48999999999998,31.17,77.95,118.16,42.07,121.65,27.5001,26.88,81.9114,758.7799,34.97,22.31,88.4,31.31,30.565,90.72,71.49,32.82,55.725,45.62,57.0,14.325,39.155,47.44,42.03,91.9,26.585,56.65,86.43,61.055,56.57,38.16,61.2401,26.915,61.66,58.68,4.295,31.875,64.77,20.435,45.0,70.6,91.65,226.37,70.55,45.2499,31.04,95.18,81.87999999999998,53.33,34.5,48.98,38.62,4678.811
36.11,97.59,97.83,62.03,95.7,58.8,58.24,126.67,26.62,167.22999999999996,738.02,41.599,162.19,44.58,163.1,289.705,34.535,106.93,62.14,67.14,168.76,31.115,28.49,43.84,58.81,25.72,52.675,97.03,76.455,31.17,77.9,118.1,42.08,121.62,27.5,26.88,81.92,758.85,34.9616,22.32,88.37999999999998,31.3,30.57,90.705,71.48,32.835,55.73,45.62,56.9802,14.325,39.185,47.39,42.01,91.8484,26.58,56.73,86.37999999999998,61.05,56.62,38.16,61.245,26.92,61.65,58.71,4.295,31.865,64.749,20.435,45.01,70.58,91.64,226.57,70.579,45.25,31.04,95.18,81.84999999999998,53.33,34.5,48.96,38.63,4679.072
36.115,97.57,97.83,62.03,95.7,58.79,58.2481,126.54,26.63,167.285,738.0,41.56,162.14,44.55,163.1,289.545,34.545,106.9,62.145,67.175,168.72,31.13,28.485,43.83,58.79,25.71,52.7,97.03,76.5355,31.165,77.87999999999998,118.03,42.09,121.617,27.505,26.88,81.93999999999998,758.95,34.975,22.33,88.37999999999998,31.295,30.55,90.77,71.45,32.82,55.75,45.6401,57.025,14.3325,39.2,47.36,42.0,91.83,26.59,56.75,86.37999999999998,61.04,56.61,38.1799,61.2599,26.92,61.63,58.745,4.292,31.86,64.79,20.455,44.97,70.5799,91.64,226.709,70.64100000000002,45.23,31.04,95.17,81.84,53.34,34.45,48.96100000000001,38.61,4679.189
36.14,97.56,97.8,62.05,95.68,58.78,58.27,126.59,26.62,167.18,738.1499999999999,41.49,162.22999999999996,44.57,163.07,289.18,34.545,106.8681,62.15,67.175,168.71,31.13,28.47,43.85,58.78,25.725,52.67,97.05,76.56,31.14,77.90999999999998,118.07,42.09,121.59,27.5,26.89,81.92,758.6549999999999,34.99,22.33,88.375,31.305,30.57,90.75,71.44,32.8,55.8,45.65,57.0,14.35,39.2,47.339,42.0,91.81,26.58,56.778999999999996,86.4,61.04,56.63,38.155,61.28,26.91,61.65,58.745,4.29,31.8742,64.88,20.455,44.93,70.55,91.64,226.5,70.72,45.18,31.04,95.08,81.86499999999998,53.45,34.46,48.975,38.6,4679.097
36.12,97.565,97.77,62.04,95.67,58.79,58.32,126.5,26.6101,167.13,738.0,41.475,162.27,44.58,163.05,289.3,34.535,106.875,62.18,67.17,168.72,31.13,28.47,43.85,58.765,25.725,52.63,97.04,76.55249999999998,31.151,77.95,117.93,42.09,121.6159,27.5,26.885,81.92,759.02,34.99,22.33,88.39,31.29,30.56,90.72,71.42,32.805,55.8,45.63,57.005,14.335,39.2,47.25,42.005,91.81,26.57,56.78,86.32,61.03,56.68,38.14,61.287,26.92,61.65,58.76,4.295,31.846,64.95,20.44,44.94,70.47,91.6,226.28,70.69,45.14,31.05,95.01,81.78,53.3963,34.42,48.99,38.59,4678.74
36.15,97.6,97.8,62.06,95.66,58.77,58.31,126.43,26.625,167.02,738.12,41.47,162.25,44.59,162.99,288.78,34.53,106.83,62.17,67.155,168.68,31.1,28.46,43.845,58.76,25.72,52.59,96.99,76.53,31.165,77.90999999999998,118.0,42.085,121.62,27.495,26.88,81.76,758.98,34.99,22.325,88.42,31.3,30.56,90.72,71.37,32.805,55.8,45.645,57.02,14.335,39.205,47.26,42.0,91.911,26.56,56.81,86.4,61.04,56.82,38.17,61.26,26.93,61.6775,58.72,4.295,31.845,65.0,20.44,44.96,70.45,91.61,226.07,70.69,45.14,31.045,94.89,81.84,53.35,34.46,49.005,38.5802,4678.489000000001
36.13,97.67,97.82,62.06,95.68,58.78,58.305,126.415,26.62,167.19,738.32,41.55,162.27,44.59,163.05,288.77,34.535,106.83,62.17,67.165,168.62,31.1,28.485,43.83,58.77,25.725,52.545,96.98,76.56,31.15,77.935,117.97,42.09,121.6,27.475,26.86,81.71,758.86,34.99,22.35,88.34999999999998,31.29,30.55,90.76,71.38,32.805,55.8001,45.64,57.01,14.3457,39.225,47.28,42.01,91.97,26.58,56.835,86.37,61.025,56.78,38.16,61.27,26.925,61.71,58.715,4.295,31.88,64.95,20.44,44.975,70.49,91.62,226.09,70.685,45.11,31.05,94.95,81.78,53.4992,34.428000000000004,49.02,38.58,4678.93
36.12,97.68,97.81,62.04,95.64,58.76,58.22,126.36000000000004,26.625,167.205,738.18,41.51,162.27,44.5847,163.11,288.78,34.5401,106.8,62.23,67.21,168.54,31.06,28.46,43.825,58.755,25.72,52.55,96.96,76.48,31.14,77.92,117.92,42.07,121.59899999999999,27.48,26.86,81.72,758.8003,34.985,22.35,88.34,31.28,30.53,90.77,71.38,32.8,55.795,45.64,56.97,14.34,39.22,47.26,42.01,92.09,26.56,56.85,86.37,61.01,56.808,38.17,61.25,26.92,61.7,58.725,4.295,31.9,64.92,20.44,44.97,70.4806,91.6,226.1283,70.695,45.1,31.03,94.83,81.78499999999998,53.5,34.41,49.01,38.57,4678.425
36.11,97.6875,97.83,61.99,95.65,58.74,58.21,126.37,26.625,167.22999999999996,738.38,41.495,162.28,44.5601,163.06,288.92,34.55,106.84,62.21,67.195,168.55,31.065,28.465,43.845,58.75,25.73,52.56,96.99,76.51,31.151,77.89,117.93,42.06,121.6234,27.47,26.865,81.7699,758.9352,34.975,22.37,88.34,31.29,30.55,90.72,71.37,32.8,55.75,45.645,57.01,14.34,39.1901,47.24,42.015,92.21,26.58,56.84,86.36,61.03,56.82,38.165,61.2445,26.925,61.73,58.78,4.3,31.89,64.93,20.44,44.97,70.45,91.58,226.14,70.65000000000002,45.09,31.02,94.81,81.81,53.4501,34.405,49.01,38.55,4678.657
36.16,97.64,97.755,62.035,95.64,58.71,58.18,126.31,26.635,167.14,738.211,41.468999999999994,162.22,44.58,162.97,288.845,34.5401,106.84,62.21,67.19,168.47999999999996,31.04,28.47,43.84,58.75,25.71,52.53,96.99,76.48,31.14,77.72,117.95,42.07,121.62,27.46,26.855,81.86,758.7,34.979,22.39,88.28,31.2749,30.52,90.77,71.38,32.795,55.78,45.65,56.98,14.33,39.1965,47.22,42.0,92.27780000000004,26.56,56.87,86.335,61.04,56.83,38.165,61.25,26.92,61.71,58.71,4.295,31.86,64.94,20.42,44.94,70.46,91.55,226.22,70.6799,45.05,31.01,94.79,81.79,53.39,34.41,49.02,38.535,4677.686
36.17,97.63,97.765,62.02,95.68,58.74,58.16,126.2,26.635,167.08,738.11,41.4301,162.3013,44.59,163.01,288.78,34.555,106.79,62.18,67.185,168.465,31.05,28.49,43.86,58.7455,25.71,52.54,96.98,76.53,31.14,77.61,117.94,42.1,121.62,27.46,26.85,81.9299,758.45,34.97,22.37,88.23999999999998,31.28,30.51,90.71,71.41,32.8,55.785,45.63,56.99,14.335,39.19,47.19,42.01,92.33,26.585,56.89,86.36,61.05,56.89,38.16,61.25,26.95,61.7,58.69,4.3,31.9,64.96,20.44,44.94,70.54,91.58,226.18,70.625,45.06,31.04,94.8,81.79999999999998,53.5,34.47,49.0,38.55,4677.797000000001
36.15,97.63,97.78,62.03,95.745,58.75,58.1961,126.43,26.64,167.4,738.2999999999997,41.43,162.28,44.58,163.041,289.085,34.555,106.85,62.22,67.185,168.495,31.055,28.49,43.87,58.77,25.675,52.53,96.97,76.51,31.155,77.75499999999998,117.99,42.1,121.635,27.465,26.855,81.92,758.85,34.99,22.34,88.28799999999998,31.28,30.52,90.76899999999999,71.41,32.81,55.775,45.6362,57.015,14.33,39.195,47.22,42.0,92.322,26.58,56.885,86.36,61.08,56.95,38.18,61.29,26.945,61.72,58.6905,4.3,31.92,64.95,20.44,44.928999999999995,70.52,91.57,226.185,70.595,45.06,31.05,94.87,81.8801,53.455,34.49,49.01,38.53,4678.522
36.15,97.57,97.81,61.98,95.74,58.73,58.2,126.36000000000004,26.62,167.49,738.5399999999997,41.42,162.14,44.57,163.06,289.095,34.555,106.82,62.26,67.15000000000002,168.49,31.05,28.47,43.87,58.755,25.685,52.52,96.96,76.57,31.155,77.79999999999998,118.04,42.07,121.68,27.46,26.84,81.945,759.0,34.975,22.31,88.31,31.295,30.51,90.72,71.41,32.77,55.7,45.625,57.01,14.335,39.19,47.21,41.995,92.32,26.56,56.875,86.33,61.085,56.89,38.1802,61.25,26.925,61.71,58.7,4.295,31.9166,64.87,20.45,44.91,70.48,91.58,226.21,70.471,45.025,31.05,94.89,81.93,53.434,34.5,48.99,38.55,4678.344
36.15,97.57700000000001,97.84,62.0,95.74,58.69,58.21,126.36000000000004,26.605,167.64,738.25,41.455,162.19999999999996,44.56,163.1,289.1,34.575,106.83,62.28,67.16,168.1972,31.0375,28.45,43.87,58.75100000000001,25.7,52.48,96.94200000000001,76.59999999999998,31.155,77.8344,118.0,42.04,121.6508,27.46,26.85,82.12,758.796,34.974000000000004,22.305,88.28,31.2925,30.49,90.74,71.40000000000002,32.765,55.7,45.6,57.0299,14.3399,39.23,47.2,41.97,92.25,26.555,56.8758,86.39499999999998,61.06,56.85,38.19,61.2634,26.925,61.7,58.74,4.295,31.9058,64.87,20.455,44.9,70.44,91.55,226.268,70.42,45.03,31.0455,94.95,81.9,53.42,34.49,48.97,38.541,4678.042
36.17,97.5733,97.86000000000004,62.01,95.73,58.75,58.22,126.405,26.6,167.6925,738.12,41.485,162.26,44.57,163.11,289.19,34.6,106.89,62.28,67.18,168.2516,31.03,28.47,43.9,58.745,25.72,52.5,96.89,76.62,31.15,77.84999999999998,118.04,42.07,121.64,27.475,26.865,82.26999999999998,758.95,34.98,22.299,88.24989999999998,31.3,30.52,90.745,71.39,32.795,55.73,45.6,57.0,14.355,39.245,47.18,41.98,92.21,26.56,56.855,86.4065,61.05,56.85,38.19,61.27,26.94,61.7,58.72,4.295,31.935,64.9019,20.465,44.91,70.44,91.57,226.33,70.33,45.05,31.035,95.07,81.9084,53.44,34.51,48.96,38.56,4678.593
36.16,97.475,97.8,62.0,95.721,58.68,58.19,126.48,26.6,167.77,737.87,41.4454,162.21,44.53,163.08,289.385,34.6,107.03,62.26000000000001,67.125,168.19999999999996,31.035,28.45,43.87,58.735,25.685,52.5219,96.87,76.62,31.1425,77.87999999999998,117.97,42.05,121.6,27.44,26.825,82.34,758.51,34.979,22.295,88.26999999999998,31.27,30.49,90.76,71.365,32.79,55.748999999999995,45.5808,56.995,14.35,39.24,47.2101,41.97,92.12,26.565,56.84,86.37999999999998,61.05,56.92,38.225,61.23,26.94,61.7,58.62,4.3,31.975,64.91,20.47,44.93,70.375,91.52,226.26,70.42,45.03,31.02,95.11000000000004,81.84,53.47,34.51,48.96,38.55,4677.524
36.1333,97.44,97.82,61.995,95.68,58.69,58.12,126.46,26.594,167.69,737.74,41.41,162.2324,44.49,163.12,289.16,34.58,107.0933,62.24,67.105,168.19,31.0273,28.445,43.89,58.72,25.67,52.485,96.84,76.64,31.1,77.89,118.04,42.02,121.5711,27.41,26.79,82.2151,758.6499999999999,34.99,22.31,88.28,31.275,30.48,90.79,71.37,32.755,55.7503,45.58,57.0,14.360999999999999,39.23,47.235,41.98,92.12,26.55,56.828,86.31,61.04,56.88,38.219,61.2162,26.925,61.7,58.62,4.28,31.98,64.93,20.47,44.92,70.37,91.48,226.18,70.495,44.96,31.015,95.08,81.86029999999998,53.5,34.52,48.98,38.555,4676.804
36.13,97.45160000000004,97.79,61.96,95.65,58.6825,58.08,126.51,26.5999,167.69,737.5,41.445,162.11,44.485,163.1,289.02,34.59,107.16,62.24,67.08,168.17,31.021,28.44,43.88,58.7,25.65,52.47,96.8201,76.68,31.0726,77.93999999999998,118.04,42.03,121.57600000000001,27.4,26.795,82.17200000000003,758.2749999999999,34.978,22.295,88.26959999999998,31.28,30.48,90.81,71.375,32.75,55.7,45.59,56.9942,14.365,39.225,47.21,41.975,92.02,26.555,56.77,86.23999999999998,61.045,56.86,38.255,61.1728,26.925,61.7,58.586999999999996,4.28,31.97,64.94,20.42,44.915,70.34100000000001,91.44,226.19,70.43,44.93,31.005,95.055,81.84999999999998,53.54,34.465,48.961999999999996,38.542,4676.123
36.13,97.465,97.83,61.96,95.645,58.63625,58.015,126.455,26.575,167.69,737.3999999999999,41.475,162.07,44.5,163.13,288.86,34.58,107.20200000000001,62.24,67.03,168.11,31.03,28.43,43.9,58.675,25.625,52.45,96.9,76.62,31.07,77.9184,118.005,42.03,121.54,27.39,26.775,82.12999999999998,758.07,34.96,22.299,88.3199,31.28,30.49,90.85,71.38,32.77,55.68,45.585,56.98,14.34,39.21,47.2,41.96,92.04,26.55,56.73,86.23999999999998,61.053999999999995,56.86,38.25,61.14,26.925,61.695,58.58,4.275,31.96,64.94,20.41,44.9,70.3999,91.41,226.29,70.41,44.8799,31.0,95.03,81.84,53.56,34.51,48.96,38.54,4675.281
36.13,97.38,97.72,61.92,95.63,58.59,57.98,126.31,26.56,167.69,737.07,41.44,161.87,44.43,163.16,288.71,34.56,107.1,62.24,66.97,168.06,31.0201,28.44,43.85,58.64,25.59,52.45,96.86000000000004,76.61,31.06,77.89,117.93,41.99,121.46,27.38,26.76,82.23999999999998,757.46,34.915,22.25,88.20994999999998,31.24,30.46,90.75,71.365,32.74,55.63,45.56,56.98,14.33,39.185,47.21,41.945,91.8616,26.54,56.68,86.18,61.05,56.75,38.22,61.1,26.925,61.6475,58.49,4.27,31.92,64.82,20.41,44.888999999999996,70.33,91.35,226.38,70.23,44.84,31.0,95.08,81.79,53.54,34.49,48.94,38.52,4672.878
35.9666,97.165,97.43,61.78,95.42,58.38,57.75,125.73,26.5034,167.04,736.5689,41.315,161.36,44.28,162.5406,287.61,34.5,106.7,62.04,66.8,167.74,30.94,28.4,43.82,58.51,25.55,52.305,96.6603,76.43999999999998,31.02,77.62,117.7,41.95,121.31,27.3,26.68,81.76,755.7080000000003,34.79,22.23,88.09999999999998,31.04,30.31,90.6,71.21,32.72,55.525,45.45,56.854,14.2801,39.08,47.02,41.84,91.62,26.48,56.589,86.01,60.93,56.65,38.065,61.0,26.88,61.565,58.38,4.2644,31.8201,64.56,20.36,44.77,70.07,91.09,225.85,70.03,44.71,30.932,94.69,81.67,53.29,34.39,48.85,38.445,4661.686
35.94,97.04,97.32,61.71,95.31,58.28,57.715,125.64,26.47,166.62,736.14,41.28,161.19,44.22,162.27,286.81,34.44,106.48,61.95,66.735,167.705,30.88,28.4,43.78,58.46,25.52,52.28,96.61000000000004,76.39,30.96,77.47,117.59,41.91,121.08,27.25,26.655,81.75,754.86,34.765,22.195,88.01,30.98,30.23,90.61,71.08,32.695,55.5,45.41,56.76,14.247,39.02,46.92,41.765,91.59100000000001,26.44,56.54,85.82,60.87,56.605,38.035,60.96,26.875,61.52,58.35,4.255,31.79,64.46,20.32,44.7,70.08,91.05,225.35,70.07,44.655,30.91,94.55,81.59,53.1203,34.37,48.83,38.415,4656.014
36.0132,97.195,97.38,61.75,95.38,58.34,57.75,125.81,26.51,166.85,736.76,41.27,161.34,44.18,162.46,287.825,34.435,106.6,61.97,66.7575,167.77,30.89,28.44,43.82,58.5101,25.48,52.32,96.61000000000004,76.42,30.94,77.57,117.77,41.91,121.1158,27.27,26.675,81.75499999999998,755.59,34.82,22.2101,88.03,31.0,30.28,90.785,71.11,32.7,55.55,45.4,56.83,14.265,39.06,46.93,41.78,91.74,26.44,56.575,85.92,60.9,56.56,38.11,61.0,26.88,61.55,58.43,4.265,31.8025,64.55,20.33,44.72,70.08,91.08,225.7351,70.15000000000002,44.66,30.93,94.605,81.67,53.185,34.365,48.84,38.44,4659.451
36.0002,97.17420000000004,97.39,61.8,95.38,58.36,57.88,125.82,26.515,167.05,736.69,41.29,161.33,44.18,162.4908,288.28,34.445,106.654,62.01,66.78,167.8148,30.895,28.4,43.835,58.515,25.475,52.36,96.64,76.43999999999998,30.94,77.54999999999998,117.74,41.9,121.166,27.27,26.66,81.87,755.32,34.84,22.215,88.045,31.04,30.3,90.76,71.17,32.705,55.6,45.4052,56.84,14.265,39.055,47.0,41.82,91.7516,26.465,56.6292,86.0,60.9,56.64,38.12,60.98,26.88,61.61,58.46,4.275,31.83,64.6,20.32,44.76,70.1,91.07,226.0,70.28,44.69,30.939,94.61000000000004,81.68999999999998,53.23,34.4,48.85,38.44,4660.639
36.01,97.0999,97.35,61.785,95.34,58.36,57.9,125.77,26.51,167.04,736.71,41.31,161.225,44.15,162.3736,288.47,34.41,106.71,61.97,66.77,167.71,30.869,28.39,43.85,58.495,25.45,52.3042,96.52,76.40999999999998,30.95,77.57,117.53,41.9,121.04,27.25,26.625,81.9,755.36,34.79,22.18,87.98,31.0,30.28,90.79,71.12,32.68,55.56100000000002,45.35,56.795,14.265,39.03,46.97,41.81,91.78,26.45,56.6,86.0,60.85,56.65,38.095,60.91,26.875,61.59,58.36,4.265,31.815,64.52,20.31,44.7394,70.035,90.98,226.0122,70.19,44.66,30.94,94.54,81.62,53.2,34.365,48.84,38.42,4658.504
35.97,96.92,97.16,61.72,95.24,58.18,57.78,125.6,26.48,166.91,735.85,41.24,160.9,44.07,162.18,287.915,34.38,106.44,61.91,66.69,167.47999999999996,30.81,28.37,43.85,58.415,25.38,52.23,96.4501,76.33,30.915,77.53,117.33,41.85,120.8499,27.21,26.605,81.63899999999998,754.76,34.73,22.15,87.84,30.965,30.22,90.73,71.005,32.65,55.51,45.32,56.65,14.27,38.98,46.92,41.8,91.751,26.41,56.52,85.93999999999998,60.79,56.53,38.01,60.87,26.83,61.46,58.295,4.2599,31.73,64.39,20.29,44.64,69.90000000000002,90.89,225.606,70.095,44.56,30.9,94.39,81.57,53.06,34.295,48.81,38.37,4652.373
36.03,96.93,97.211,61.7,95.23,58.22,57.76,125.71,26.49,166.955,736.115,41.31,161.05,44.09,162.32,288.34,34.4,106.6,61.94,66.75,167.53,30.83,28.4,43.87,58.44,25.395,52.17,96.41,76.31,30.935,77.51,117.33,41.87,120.8,27.24,26.64,81.56579999999998,754.6124999999997,34.75,22.15,87.8472,31.01,30.28,90.64,71.04,32.63,55.52,45.3,56.675,14.3,39.0,46.95,41.83,91.78,26.42,56.53,85.92,60.77,56.52,38.06,60.9008,26.81,61.42,58.34,4.265,31.75,64.4687,20.31,44.65,69.97,90.93,225.75,70.2,44.6,30.91,94.67,81.59,53.03,34.315,48.8,38.4,4652.898
36.0,96.94,97.2399,61.69,95.26,58.22,57.778999999999996,125.53,26.48,166.8795,735.855,41.3348,160.92,44.06,162.53,288.02,34.42,106.51,61.935,66.76000000000002,167.59,30.83,28.4,43.8575,58.43899999999999,25.38,52.13,96.41,76.29999999999998,30.9425,77.57,117.38,41.84,120.86000000000004,27.24,26.63,81.51,754.2,34.76,22.1258,87.87,30.99,30.25,90.65,71.07,32.675,55.53,45.31,56.65,14.29,39.005,46.93,41.82,91.78,26.4,56.51,85.86,60.8,56.55,38.05,60.925,26.815,61.43,58.34,4.265,31.77,64.45,20.3,44.665,69.96,91.0,225.98,70.165,44.57,30.95,94.69,81.56499999999998,52.99,34.305,48.79,38.38,4652.937
36.0335,97.01410000000004,97.23,61.7,95.28,58.24,57.85,125.42,26.505,166.77,736.1,41.3749,160.89,44.06,162.51,287.99,34.44,106.34,61.93,66.79,167.58,30.8299,28.43,43.91,58.44,25.38,52.17,96.41,76.32,30.96,77.73,117.3,41.83,120.865,27.246,26.635,81.43,754.49,34.8,22.16,87.84999999999998,30.99,30.25,90.7,71.07,32.69,55.52,45.3,56.69,14.31,39.01,46.92,41.815,91.73,26.4,56.58,85.92,60.79,56.54,38.05,60.96,26.8195,61.4358,58.33,4.27,31.8,64.4701,20.3,44.65,69.97,90.98,226.16,70.19,44.63,30.934,94.52,81.57,52.995,34.305,48.78,38.41,4653.608
36.03,97.02,97.21,61.75,95.295,58.24,57.86,125.45,26.52,166.84,736.1499999999999,41.39,160.89,44.075,162.65,287.96,34.46,106.34,61.93,66.77,167.59,30.82,28.4,43.915,58.47,25.4,52.18,96.42,76.37999999999998,30.96,77.7,117.256,41.87,120.89,27.25,26.655,81.48999999999998,754.25,34.7951,22.155,87.83,31.04,30.31,90.81,71.16,32.72,55.53,45.37,56.73,14.31,39.05,46.9,41.84,91.74,26.39,56.6,86.01,60.8,56.6,38.07,60.98,26.824,61.45,58.34,4.27,31.82,64.48,20.3,44.63,70.01000000000002,90.97,226.43,70.27500000000002,44.63,30.94,94.5,81.57,53.035,34.31,48.8,38.43,4654.811
36.0,96.955,97.11000000000004,61.73,95.29,58.25,57.88,125.47,26.51,166.79,736.35,41.375,160.76,44.075,162.62,288.24,34.47,106.4225,61.93,66.76000000000002,167.64,30.795,28.415,43.88,58.5,25.41,52.14,96.42,76.33,30.975,77.68999999999998,117.26,41.9,120.95,27.25,26.63,81.56,754.1662,34.77,22.15,87.84,31.04,30.29,90.69,71.11,32.725,55.52,45.37,56.69,14.305,39.03,46.905,41.84,91.75,26.395,56.5577,85.97,60.77,56.57,38.055,60.935,26.825,61.45,58.35,4.27,31.82,64.41,20.32,44.6,70.0,91.01,226.4,70.24,44.59,30.956,94.47,81.54999999999998,53.013999999999996,34.305,48.79,38.43,4654.03
36.0,96.9633,97.1,61.76,95.29,58.25,57.92,125.61000000000004,26.5062,166.9008,736.96,41.37,160.86,44.025,162.6,288.33,34.479,106.46,61.93,66.76000000000002,167.59,30.81,28.405,43.9,58.5,25.4,52.18,96.44,76.33,30.98,77.62999999999998,117.31,41.9,121.09,27.25,26.63,81.59999999999998,754.35,34.81,22.1807,87.82,31.0,30.265,90.76,71.1,32.705,55.56,45.41,56.695,14.315,39.07,46.9,41.82,91.85,26.4,56.55,86.04,60.79,56.58,38.075,60.951,26.85,61.43,58.315,4.275,31.83,64.5,20.29,44.58,70.015,90.99,226.56,70.31,44.59,30.96,94.48,81.5,53.02,34.3,48.788999999999994,38.445,4654.905
35.98,96.96,97.08,61.78,95.28,58.23,57.9,125.59,26.5166,166.82499999999996,737.0399999999997,41.355,160.75,43.99,162.46,288.3,34.465,106.4431,61.91,66.72,167.59,30.8,28.41,43.87,58.455,25.38,52.15,96.42,76.26999999999998,30.995,77.655,117.265,41.9,121.045,27.225,26.615,81.56,754.0,34.81,22.18,87.79,30.995,30.26,90.77,71.05,32.7,55.56,45.385,56.66,14.305,39.1,46.89,41.815,91.76,26.3942,56.54,86.01,60.78,56.51,38.06,60.945,26.85,61.44,58.23,4.27,31.8385,64.46,20.295,44.57,70.0,90.97,226.83,70.38,44.55,30.934,94.52,81.39,53.0139,34.24,48.78,38.445,4653.752
36.01,96.97,97.09,61.75,95.27,58.2104,57.91,125.74,26.52,166.84599999999998,736.26,41.33,160.8,44.01,162.47,288.4,34.48,106.46,61.91,66.699,167.49,30.795,28.42,43.88,58.5,25.39,52.16,96.46,76.31,31.01,77.68999999999998,117.2,41.94,121.0356,27.23,26.625,81.625,753.75,34.8,22.18,87.76999999999998,31.01,30.28,90.79,71.06,32.735,55.54,45.33,56.695,14.305,39.08,46.88,41.82,91.89,26.4,56.49,85.95,60.75,56.52,38.055,60.96,26.87,61.46,58.25,4.275,31.85,64.4001,20.3,44.58,70.0,90.96,226.96,70.34,44.54,30.93,94.555,81.36,53.04,34.22,48.78,38.46,4653.581